2014000001	　　	Condition/Obs	NCCE-OMOP	TENKI_KUBUN	 	0	1900/01/01	2099/12/31	
2014000002	治癒	Condition/Obs	NCCE-OMOP	TENKI_KUBUN	 	1	1900/01/01	2099/12/31	
2014000003	死亡	Condition/Obs	NCCE-OMOP	TENKI_KUBUN	 	2	1900/01/01	2099/12/31	
2014000004	中止	Condition/Obs	NCCE-OMOP	TENKI_KUBUN	 	3	1900/01/01	2099/12/31	
2014000005	転医	Condition/Obs	NCCE-OMOP	TENKI_KUBUN	 	4	1900/01/01	2099/12/31	
2014000006	軽快	Condition/Obs	NCCE-OMOP	TENKI_KUBUN	 	5	1900/01/01	2099/12/31	
2014000007	その他	Condition/Obs	NCCE-OMOP	TENKI_KUBUN	 	6	1900/01/01	2099/12/31	
