2014000021	既往歴病名	Condition	NCCE-OMOP	DIAGNOSIS_TYPE	 	既往歴病名	1900/01/01	2099/12/31	
2014000022	既往歴治療	Condition	NCCE-OMOP	DIAGNOSIS_TYPE	 	既往歴治療	1900/01/01	2099/12/31	
2014000023	手術歴術式名	Condition	NCCE-OMOP	DIAGNOSIS_TYPE	 	手術歴術式名	1900/01/01	2099/12/31	
2014000024	手術歴コメント	Condition	NCCE-OMOP	DIAGNOSIS_TYPE	 	手術歴コメント	1900/01/01	2099/12/31	
2014000025	放射線治療歴コメント	Condition	NCCE-OMOP	DIAGNOSIS_TYPE	 	放射線治療歴コメント	1900/01/01	2099/12/31	
