2000000000	移行時情報なし	Type Concept	NCCE-OMOP	DATA_KUBUN	 	移行時情報なし	1900/01/01	2099/12/31	
2001000000	患者罹患歴	Type Concept	NCCE-OMOP	DATA_KUBUN	 	患者罹患歴	1900/01/01	2099/12/31	
2002000000	患者プロファイル	Type Concept	NCCE-OMOP	DATA_KUBUN	 	患者プロファイル	1900/01/01	2099/12/31	
2003000000	患者診療申告情報	Type Concept	NCCE-OMOP	DATA_KUBUN	 	患者診療申告情報	1900/01/01	2099/12/31	
2004000000	患者身体計測情報	Type Concept	NCCE-OMOP	DATA_KUBUN	 	患者身体計測情報	1900/01/01	2099/12/31	
2005000000	患者レジメン情報	Type Concept	NCCE-OMOP	DATA_KUBUN	 	患者レジメン情報	1900/01/01	2099/12/31	
2006000000	患者注射情報	Type Concept	NCCE-OMOP	DATA_KUBUN	 	患者注射情報	1900/01/01	2099/12/31	
2007000000	患者処方情報	Type Concept	NCCE-OMOP	DATA_KUBUN	 	患者処方情報	1900/01/01	2099/12/31	
2010000000	患者検体検査情報	Type Concept	NCCE-OMOP	DATA_KUBUN	 	患者検体検査情報	1900/01/01	2099/12/31	
2014000000	移行時固定情報	Type Concept	NCCE-OMOP	DATA_KUBUN	 	移行時固定情報	1900/01/01	2099/12/31	
